n,instance,distribution,opt_value,opt_type,timestamp,christofides_cost,christofides_time,christofides_ratio,2opt_cost,2opt_time,2opt_ratio,2opt_iterations,hybrid_cost,hybrid_time,hybrid_ratio,hybrid_iterations,lp_objective,lp_time,lp_status
5,0,uniform,227.34551867849092,LP_subtour,2025-12-01T23:38:29.862203,227.34551867849092,0.0011181831359863281,1.0,227.34551867849092,2.3126602172851562e-05,1.0,2,227.34551867849092,0.0011246204376220703,1.0,1,227.34551867849092,0.0027348995208740234,Optimal
5,1,uniform,262.4953496563628,LP_subtour,2025-12-01T23:38:29.869234,262.4953496563628,0.0003540515899658203,1.0,262.4953496563628,2.193450927734375e-05,1.0,3,262.4953496563628,0.0003592967987060547,1.0,1,262.4953496563628,0.0022804737091064453,Optimal
5,2,uniform,174.5446718861441,LP_subtour,2025-12-01T23:38:29.874622,178.57094154222273,0.0003077983856201172,1.0230672733379393,174.54467188614413,1.2636184692382812e-05,1.0000000000000002,1,174.54467188614413,0.0003190040588378906,1.0000000000000002,2,174.5446718861441,0.0037910938262939453,Optimal
5,3,uniform,285.1098608886164,LP_subtour,2025-12-01T23:38:29.883994,319.2185847895487,0.0006821155548095703,1.1196336170016143,285.1098608886164,2.0503997802734375e-05,1.0,1,285.1098608886164,0.0007016658782958984,1.0,2,285.1098608886164,0.0040547847747802734,Optimal
5,4,uniform,184.4197778474873,LP_subtour,2025-12-01T23:38:29.893371,184.41977784748732,0.0006005764007568359,1.0000000000000002,184.41977784748732,3.123283386230469e-05,1.0000000000000002,2,184.41977784748732,0.0006101131439208984,1.0000000000000002,1,184.4197778474873,0.003548860549926758,Optimal
5,5,uniform,247.00778875107355,LP_subtour,2025-12-01T23:38:29.902002,247.00778875107352,0.0005819797515869141,0.9999999999999999,247.00778875107355,2.8133392333984375e-05,1.0,1,247.00778875107352,0.0005908012390136719,0.9999999999999999,1,247.00778875107355,0.0033600330352783203,Optimal
5,6,uniform,221.4127433244821,LP_subtour,2025-12-01T23:38:29.909173,221.4127433244821,0.00030493736267089844,1.0,221.4127433244821,1.33514404296875e-05,1.0,1,221.4127433244821,0.0003104209899902344,1.0,1,221.4127433244821,0.0034418106079101562,Optimal
5,7,uniform,256.41248503360856,LP_subtour,2025-12-01T23:38:29.917570,256.4124850336085,0.0005717277526855469,0.9999999999999998,256.4124850336085,2.0265579223632812e-05,0.9999999999999998,2,256.4124850336085,0.0005784034729003906,0.9999999999999998,1,256.41248503360856,0.003652334213256836,Optimal
5,8,uniform,176.22382561556077,LP_subtour,2025-12-01T23:38:29.925299,176.22382561556077,0.00029969215393066406,1.0,176.22382561556077,2.3126602172851562e-05,1.0,3,176.22382561556077,0.00030493736267089844,1.0,1,176.22382561556077,0.0027413368225097656,Optimal
5,9,uniform,218.79405824342223,LP_subtour,2025-12-01T23:38:29.931661,223.24552681665483,0.00032591819763183594,1.0203454728568546,218.79405824342226,1.811981201171875e-05,1.0000000000000002,2,218.79405824342223,0.00033593177795410156,1.0,2,218.79405824342223,0.003184795379638672,Optimal
5,0,clustered,214.3545789304743,LP_subtour,2025-12-01T23:38:29.938711,214.3545789304743,0.0002856254577636719,1.0,214.3545789304743,1.8358230590820312e-05,1.0,2,214.3545789304743,0.0002911090850830078,1.0,1,214.3545789304743,0.002706289291381836,Optimal
5,1,clustered,265.47009869499294,LP_subtour,2025-12-01T23:38:29.944742,265.47009869499294,0.000293731689453125,1.0,265.47009869499294,1.1920928955078125e-05,1.0,1,265.47009869499294,0.0002994537353515625,1.0,1,265.47009869499294,0.003190279006958008,Optimal
5,2,clustered,104.66749700634969,LP_subtour,2025-12-01T23:38:29.951206,104.66749700634969,0.0002467632293701172,1.0,104.66749700634969,8.106231689453125e-06,1.0,1,104.66749700634969,0.00024962425231933594,1.0,1,104.66749700634969,0.002695798873901367,Optimal
5,3,clustered,79.8150865036097,LP_subtour,2025-12-01T23:38:29.958048,81.34569865210477,0.0003631114959716797,1.019176977881567,80.98980337353973,1.7642974853515625e-05,1.0147179802890636,1,79.81508650360972,0.00037980079650878906,1.0000000000000002,2,79.8150865036097,0.004102230072021484,Optimal
5,4,clustered,176.81357520584208,LP_subtour,2025-12-01T23:38:29.966840,176.8135752058421,0.00037288665771484375,1.0000000000000002,176.81357520584208,1.3113021850585938e-05,1.0,1,176.8135752058421,0.00037789344787597656,1.0000000000000002,1,176.81357520584208,0.0036439895629882812,Optimal
5,5,clustered,252.73567342862694,LP_subtour,2025-12-01T23:38:29.976270,252.73567342862694,0.0007398128509521484,1.0,252.7356734286269,4.792213439941406e-05,0.9999999999999999,2,252.73567342862694,0.0007541179656982422,1.0,1,252.73567342862694,0.0069849491119384766,Optimal
5,6,clustered,62.1524306937865,LP_subtour,2025-12-01T23:38:29.990851,62.1524306937865,0.0006008148193359375,1.0,62.1524306937865,2.4318695068359375e-05,1.0,1,62.1524306937865,0.0006082057952880859,1.0,1,62.1524306937865,0.004683971405029297,Optimal
5,7,clustered,231.6580640569013,LP_subtour,2025-12-01T23:38:30.001675,231.6580640569013,0.0013117790222167969,1.0,231.65806405690128,3.24249267578125e-05,0.9999999999999999,1,231.6580640569013,0.0013277530670166016,1.0,1,231.6580640569013,0.005682229995727539,Optimal
5,8,clustered,223.5482032089025,LP_subtour,2025-12-01T23:38:30.017199,223.5482032089025,0.0009953975677490234,1.0,223.54820320890246,6.461143493652344e-05,0.9999999999999999,2,223.5482032089025,0.0010170936584472656,1.0,1,223.5482032089025,0.008714914321899414,Optimal
5,9,clustered,209.33195293857278,LP_subtour,2025-12-01T23:38:30.032926,225.3769507820945,0.0007789134979248047,1.0766485843096778,209.3319529385728,2.2649765014648438e-05,1.0000000000000002,1,209.3319529385728,0.00080108642578125,1.0000000000000002,2,209.33195293857278,0.0043408870697021484,Optimal
8,0,uniform,265.3566942012774,LP_subtour,2025-12-01T23:38:30.046594,281.8515408730309,0.001239776611328125,1.062161034683534,265.3566942012774,0.00016951560974121094,1.0,4,265.35669420127743,0.0013129711151123047,1.0000000000000002,2,265.3566942012774,0.008943796157836914,Optimal
8,1,uniform,295.2453563171348,LP_subtour,2025-12-01T23:38:30.063813,295.7036014950203,0.0005934238433837891,1.0015520825919215,295.2453563171348,0.00010919570922851562,1.0,4,295.2453563171348,0.0006270408630371094,1.0,2,295.2453563171348,0.0026917457580566406,Optimal
8,2,uniform,290.05148345386925,LP_subtour,2025-12-01T23:38:30.072535,329.19907562971053,0.0005354881286621094,1.134967736450372,314.0384481324328,4.6253204345703125e-05,1.082698989823917,3,290.0514834538693,0.0005698204040527344,1.0000000000000002,3,286.98629356618204,0.00290679931640625,Optimal
8,3,uniform,291.2428287114987,LP_subtour,2025-12-01T23:38:30.085435,305.5222433909501,0.0005776882171630859,1.0490292404541792,299.9681161212261,2.1696090698242188e-05,1.029958806018776,1,291.24282871149865,0.0006124973297119141,0.9999999999999998,3,273.0979488822501,0.0026907920837402344,Optimal
8,4,uniform,299.54632025144105,LP_subtour,2025-12-01T23:38:30.092003,299.5463202514411,0.000431060791015625,1.0000000000000002,299.5463202514411,3.4809112548828125e-05,1.0000000000000002,2,299.5463202514411,0.00044345855712890625,1.0000000000000002,1,299.54632025144105,0.0031554698944091797,Optimal
8,5,uniform,297.3150404195537,LP_subtour,2025-12-01T23:38:30.101672,316.35826838835777,0.00042366981506347656,1.0640506714424247,297.3150404195537,4.410743713378906e-05,1.0,3,316.35826838835777,0.00043582916259765625,1.0640506714424247,1,292.6293552179613,0.002791881561279297,Optimal
8,6,uniform,218.85000290408993,LP_subtour,2025-12-01T23:38:30.108892,229.29994919764388,0.0005860328674316406,1.0477493541461527,218.85000290408993,5.7220458984375e-05,1.0,2,218.85000290408993,0.000621795654296875,1.0,2,218.85000290408993,0.0038826465606689453,Optimal
8,7,uniform,335.61298831307397,LP_subtour,2025-12-01T23:38:30.117541,349.67849722087055,0.0007836818695068359,1.041909906343302,335.61298831307397,6.890296936035156e-05,1.0,3,335.61298831307397,0.0008263587951660156,1.0,2,335.61298831307397,0.0038518905639648438,Optimal
8,8,uniform,226.68875773409886,LP_subtour,2025-12-01T23:38:30.126922,230.75280316931,0.0006518363952636719,1.0179278649538421,226.68875773409889,5.316734313964844e-05,1.0000000000000002,2,226.68875773409886,0.0006914138793945312,1.0,2,226.68875773409886,0.0035924911499023438,Optimal
8,9,uniform,356.4050758922571,LP_subtour,2025-12-01T23:38:30.135326,375.40437019629644,0.0007381439208984375,1.0533081473558557,356.4050758922572,4.458427429199219e-05,1.0000000000000002,2,356.4050758922572,0.0007677078247070312,1.0000000000000002,2,356.4050758922571,0.0033631324768066406,Optimal
8,0,clustered,214.7614602324964,LP_subtour,2025-12-01T23:38:30.142663,214.76146023249638,0.0002918243408203125,0.9999999999999999,214.76146023249638,1.7642974853515625e-05,0.9999999999999999,2,214.76146023249638,0.00029754638671875,0.9999999999999999,1,214.7614602324964,0.002500295639038086,Optimal
8,1,clustered,217.70128629369242,LP_subtour,2025-12-01T23:38:30.148785,248.0559784505969,0.0003027915954589844,1.1394327643795092,217.7012862936924,1.9311904907226562e-05,0.9999999999999999,2,217.70128629369242,0.00031280517578125,1.0,2,217.70128629369242,0.002939462661743164,Optimal
8,2,clustered,172.954987896522,LP_subtour,2025-12-01T23:38:30.155198,174.12360728688708,0.0002956390380859375,1.0067567833953668,172.95498789652203,2.1696090698242188e-05,1.0000000000000002,2,172.95498789652197,0.000308990478515625,0.9999999999999999,2,172.954987896522,0.0030303001403808594,Optimal
8,3,clustered,257.9285841193388,LP_subtour,2025-12-01T23:38:30.161781,268.4112522140223,0.0003819465637207031,1.0406417463596564,257.9285841193388,3.4332275390625e-05,1.0,4,257.9285841193388,0.0003952980041503906,1.0,2,257.9285841193388,0.0030121803283691406,Optimal
8,4,clustered,222.40454679573074,LP_subtour,2025-12-01T23:38:30.168630,222.40454679573077,0.0003275871276855469,1.0000000000000002,222.40454679573077,1.33514404296875e-05,1.0000000000000002,1,222.40454679573077,0.00033354759216308594,1.0000000000000002,1,222.40454679573074,0.0030972957611083984,Optimal
8,5,clustered,161.19075045749716,LP_subtour,2025-12-01T23:38:30.185132,163.11344756260254,0.0005462169647216797,1.0119280858216015,161.19075045749716,4.5299530029296875e-05,1.0,2,161.1907504574972,0.0005776882171630859,1.0000000000000002,2,97.78636910678371,0.004206418991088867,Optimal
8,6,clustered,132.86988454869072,LP_subtour,2025-12-01T23:38:30.196854,136.23833416460266,0.0004165172576904297,1.025351490500299,132.8698845486907,2.4318695068359375e-05,0.9999999999999998,1,132.86988454869072,0.0004420280456542969,1.0,2,106.62019804823765,0.003063678741455078,Optimal
8,7,clustered,146.36800440428425,LP_subtour,2025-12-01T23:38:30.212824,152.0153587836094,0.0005183219909667969,1.0385832573335259,146.36800440428422,5.7220458984375e-05,0.9999999999999998,2,146.36800440428425,0.0005567073822021484,1.0,2,125.9388266688172,0.004857063293457031,Optimal
8,8,clustered,157.6545155720973,LP_subtour,2025-12-01T23:38:30.225401,158.01462292661657,0.0012731552124023438,1.0022841550285604,157.6545155720973,0.00012612342834472656,1.0,4,157.6545155720973,0.0013272762298583984,1.0,2,153.2311689960117,0.0067675113677978516,Optimal
8,9,clustered,268.6889158794416,LP_subtour,2025-12-01T23:38:30.248055,268.68891587944154,0.0010695457458496094,0.9999999999999998,268.68891587944154,0.00011134147644042969,0.9999999999999998,2,268.68891587944154,0.0011134147644042969,0.9999999999999998,1,232.2661285876844,0.008335351943969727,Optimal
10,0,uniform,293.53647457992713,LP_subtour,2025-12-01T23:38:30.284983,312.432370907757,0.0015099048614501953,1.0643732481793662,293.53647457992713,0.00024390220642089844,1.0,3,299.2665332803746,0.0017561912536621094,1.019520772362779,4,236.9467502081653,0.006595134735107422,Optimal
10,1,uniform,213.2356183759805,LP_subtour,2025-12-01T23:38:30.307711,233.57268705393847,0.002038240432739258,1.09537369428638,213.2356183759805,0.0004398822784423828,1.0,2,213.2356183759805,0.002455472946166992,1.0,4,207.23238552840445,0.011337995529174805,Optimal
10,2,uniform,242.84756497702867,LP_subtour,2025-12-01T23:38:30.335696,255.41942378926538,0.0013391971588134766,1.051768519126086,242.8475649770287,0.00017142295837402344,1.0000000000000002,2,242.8475649770287,0.0014772415161132812,1.0000000000000002,2,242.84756497702867,0.008959293365478516,Optimal
10,3,uniform,253.33036045438786,LP_subtour,2025-12-01T23:38:30.357048,290.860878381048,0.002639293670654297,1.1481485198195085,253.3303604543879,0.0005354881286621094,1.0000000000000002,5,253.33036045438786,0.0029027462005615234,1.0,3,253.33036045438786,0.01168060302734375,Optimal
10,4,uniform,330.502200054735,LP_subtour,2025-12-01T23:38:30.384716,347.0909073528113,0.0020291805267333984,1.0501924262390054,330.50220005473506,0.0003635883331298828,1.0000000000000002,3,330.502200054735,0.0022318363189697266,1.0,2,330.502200054735,0.01137995719909668,Optimal
10,5,uniform,327.67704025119883,LP_subtour,2025-12-01T23:38:30.410595,373.0916671287919,0.001827239990234375,1.1385956942322784,328.8164202203513,0.00031638145446777344,1.0034771431293417,4,328.8164202203513,0.0019631385803222656,1.0034771431293417,2,327.67704025119883,0.009076118469238281,Optimal
10,6,uniform,284.06258630498644,LP_subtour,2025-12-01T23:38:30.440570,299.07231531902033,0.0025784969329833984,1.0528395140284985,284.06258630498644,0.0002872943878173828,1.0,3,284.06258630498644,0.002782583236694336,1.0,3,266.6336822684285,0.009357213973999023,Optimal
10,7,uniform,289.29798641773027,LP_subtour,2025-12-01T23:38:30.466437,309.9186365891511,0.00045418739318847656,1.071278236073326,289.2979864177303,6.818771362304688e-05,1.0000000000000002,3,289.29798641773027,0.00048828125,1.0,2,271.69537125467235,0.0033829212188720703,Optimal
10,8,uniform,215.7578021400178,LP_subtour,2025-12-01T23:38:30.491443,221.0151012336744,0.0014467239379882812,1.02436666967086,215.75780214001776,0.00029015541076660156,0.9999999999999999,4,215.75780214001776,0.0016422271728515625,0.9999999999999999,3,157.96371591035742,0.007575035095214844,Optimal
10,9,uniform,309.586136733295,LP_subtour,2025-12-01T23:38:30.524783,340.66718798111924,0.0016863346099853516,1.1003954879110114,309.58613673329495,0.00033211708068847656,0.9999999999999998,5,309.58613673329495,0.0019724369049072266,0.9999999999999998,5,286.58384931590217,0.009078502655029297,Optimal
10,0,clustered,185.52855475713653,LP_subtour,2025-12-01T23:38:30.547176,197.00053854461055,0.0009646415710449219,1.0618340600048939,185.52855475713653,0.0001087188720703125,1.0,3,185.5285547571365,0.0010497570037841797,0.9999999999999999,3,81.31036969859979,0.006211996078491211,Optimal
10,1,clustered,232.82940326444606,LP_subtour,2025-12-01T23:38:30.564429,254.83720879908162,0.0005855560302734375,1.0945233085944872,232.82940326444606,2.2649765014648438e-05,1.0,1,232.82940326444606,0.0006203651428222656,1.0,3,232.82940326444606,0.004797935485839844,Optimal
10,2,clustered,225.44103733524267,LP_subtour,2025-12-01T23:38:30.581255,245.83259942397032,0.0008530616760253906,1.0904518641759278,225.4410373352427,0.00010323524475097656,1.0000000000000002,3,225.44103733524264,0.0009055137634277344,0.9999999999999999,2,199.18570013325183,0.0055468082427978516,Optimal
10,3,clustered,203.16005188795737,LP_subtour,2025-12-01T23:38:30.610614,205.98665922093636,0.0019643306732177734,1.0139132044253358,203.16005188795737,0.0003573894500732422,1.0,6,203.1667540717569,0.002128124237060547,1.000032989673596,3,54.18375690479499,0.0067615509033203125,Optimal
10,4,clustered,152.73935930360145,LP_subtour,2025-12-01T23:38:30.647193,160.04045558802153,0.002603769302368164,1.0478010142094916,153.39773142099114,0.0003325939178466797,1.0043104286962539,5,153.39773142099114,0.0027022361755371094,1.0043104286962539,2,96.57584175517637,0.0062181949615478516,Optimal
10,5,clustered,294.04823433414924,LP_subtour,2025-12-01T23:38:30.671553,294.5501141398193,0.001163482666015625,1.001706794148268,294.0482343341492,0.00015473365783691406,0.9999999999999998,3,294.04823433414924,0.0012607574462890625,1.0,2,270.64648887992934,0.009651899337768555,Optimal
10,6,clustered,186.77749152375426,LP_subtour,2025-12-01T23:38:30.699104,189.0545935204865,0.005502223968505859,1.0121915225338736,186.7774915237543,0.00026702880859375,1.0000000000000002,3,186.7774915237543,0.005632162094116211,1.0000000000000002,2,148.74630258419347,0.010547637939453125,Optimal
10,7,clustered,220.7077896623423,LP_subtour,2025-12-01T23:38:30.745334,235.75730026794903,0.0015652179718017578,1.0681874918353846,220.7077896623423,0.0003376007080078125,1.0,4,220.70778966234232,0.0018651485443115234,1.0000000000000002,4,173.21265139819735,0.009055614471435547,Optimal
10,8,clustered,299.6015369224041,LP_subtour,2025-12-01T23:38:30.777698,328.2958955238235,0.0019254684448242188,1.0957750714371375,299.6015369224041,0.00032591819763183594,1.0,3,299.6015369224041,0.002338409423828125,1.0,4,268.1611153112159,0.009678840637207031,Optimal
10,9,clustered,247.5997641480928,LP_subtour,2025-12-01T23:38:30.816134,274.91376505407743,0.0011653900146484375,1.1103151329726137,247.59976414809276,0.0002856254577636719,0.9999999999999999,4,247.59976414809276,0.0013518333435058594,0.9999999999999999,3,218.57950538643865,0.010063886642456055,Optimal
12,0,uniform,301.49699712535244,LP_basic,2025-12-01T23:38:30.841432,335.8947813034753,0.002413511276245117,1.114089972723083,325.93742462962723,0.0005424022674560547,1.0810635851676933,4,325.9374246296273,0.0026464462280273438,1.0810635851676935,2,301.49699712535244,0.011073827743530273,Optimal
12,1,uniform,353.7548974448604,LP_basic,2025-12-01T23:38:30.870641,381.8967953544429,0.0020525455474853516,1.079551966949006,362.57237479129265,0.0005376338958740234,1.0249253859384566,5,362.5723747912926,0.0023512840270996094,1.0249253859384564,3,353.7548974448604,0.006714582443237305,Optimal
12,2,uniform,275.78435189628027,LP_basic,2025-12-01T23:38:30.886131,322.10885941415074,0.0012552738189697266,1.1679736620273968,293.808475686993,0.00021457672119140625,1.0653558610805134,4,293.808475686993,0.0014760494232177734,1.0653558610805134,5,275.78435189628027,0.0052640438079833984,Optimal
12,3,uniform,257.8699912092225,LP_basic,2025-12-01T23:38:30.898879,271.05569354697906,0.0014195442199707031,1.0511331399048225,261.9106136052228,0.0002918243408203125,1.015669222995094,3,261.9106136052228,0.0015759468078613281,1.015669222995094,2,257.8699912092225,0.009992837905883789,Optimal
12,4,uniform,277.73213455661755,LP_basic,2025-12-01T23:38:30.919712,330.18253890527967,0.0018451213836669922,1.188852487064185,322.85987634669374,0.0002613067626953125,1.162486569521816,3,295.28355396662533,0.002136707305908203,1.0631954938812809,4,277.73213455661755,0.009487152099609375,Optimal
12,5,uniform,235.40644929014476,LP_basic,2025-12-01T23:38:30.944516,254.69881639408865,0.002301931381225586,1.0819534348447928,248.14502526685948,0.0008616447448730469,1.0541131137873545,5,252.21172969320924,0.0026886463165283203,1.0713883602328649,3,235.40644929014476,0.011629104614257812,Optimal
12,6,uniform,233.85580204608968,LP_basic,2025-12-01T23:38:30.972658,255.64293123331518,0.0007529258728027344,1.0931648006874406,233.85580204608968,8.7738037109375e-05,1.0,3,233.85580204608968,0.0008072853088378906,1.0,2,233.85580204608968,0.0074503421783447266,Optimal
12,7,uniform,285.7340473852983,LP_basic,2025-12-01T23:38:30.991447,352.2729673066875,0.0022859573364257812,1.2328701130658914,305.78948557015184,0.000400543212890625,1.0701891789528664,3,305.7894855701519,0.00270843505859375,1.0701891789528666,4,285.7340473852983,0.011153459548950195,Optimal
12,8,uniform,266.8512643304799,LP_basic,2025-12-01T23:38:31.015177,314.68383370597985,0.0015239715576171875,1.1792480522642832,311.0484016729967,0.00034880638122558594,1.165624612847182,3,311.0484016729967,0.0017249584197998047,1.165624612847182,2,266.8512643304799,0.007295846939086914,Optimal
12,9,uniform,278.0400035946681,LP_basic,2025-12-01T23:38:31.031963,287.0380804883,0.001558542251586914,1.0323625261735698,286.57378054797,0.00020623207092285156,1.0306926227987774,2,286.57378054797005,0.001714468002319336,1.0306926227987776,2,278.0400035946681,0.005505800247192383,Optimal
12,0,clustered,128.46640228601032,LP_basic,2025-12-01T23:38:31.045335,175.11878250330534,0.0011415481567382812,1.3631484916455494,147.67120446969744,0.00029587745666503906,1.149492800000195,5,147.67120446969747,0.0014369487762451172,1.1494928000001952,6,128.46640228601032,0.0049479007720947266,Optimal
12,1,clustered,82.21969962188312,LP_basic,2025-12-01T23:38:31.057948,146.89602056805091,0.0008299350738525391,1.7866280373633707,140.8968263363898,0.00016307830810546875,1.7136626256767487,3,140.89682633638984,0.0009627342224121094,1.7136626256767489,3,82.21969962188312,0.0051076412200927734,Optimal
12,2,clustered,104.19517729410845,LP_basic,2025-12-01T23:38:31.070827,141.18065926425174,0.0012469291687011719,1.354963472692652,132.60611142227685,0.0003211498260498047,1.2726703372073906,5,132.6061114222768,0.001371622085571289,1.2726703372073902,2,104.19517729410845,0.009665250778198242,Optimal
12,3,clustered,119.42949542279067,LP_basic,2025-12-01T23:38:31.095087,207.35713766158105,0.0033159255981445312,1.7362305427777198,199.63058274574155,0.0005466938018798828,1.6715350093294135,4,199.6305827457415,0.003863811492919922,1.671535009329413,5,119.42949542279067,0.007916688919067383,Optimal
12,4,clustered,305.8950407746765,LP_basic,2025-12-01T23:38:31.118140,351.547518790363,0.0018930435180664062,1.1492422953313397,335.21103125063155,0.0003154277801513672,1.0958367628377126,3,329.96850567013894,0.002203702926635742,1.078698447789466,4,305.8950407746765,0.008825063705444336,Optimal
12,5,clustered,114.36873314298263,LP_basic,2025-12-01T23:38:31.138819,183.8781023110998,0.001333475112915039,1.6077654902517566,171.8523811027913,0.0001914501190185547,1.5026168112568248,3,171.85238110279136,0.0014984607696533203,1.5026168112568252,3,114.36873314298263,0.009365320205688477,Optimal
12,6,clustered,259.6095343491573,LP_basic,2025-12-01T23:38:31.158202,274.2845603328293,0.0006878376007080078,1.0565272998176374,273.07054171153686,0.0001780986785888672,1.0518509745650382,6,273.07054171153686,0.0007691383361816406,1.0518509745650382,3,259.6095343491573,0.003998756408691406,Optimal
12,7,clustered,119.90423755487359,LP_basic,2025-12-01T23:38:31.167729,240.58089907679232,0.0011272430419921875,2.006442007245087,234.3398276978966,0.00011944770812988281,1.954391541755579,3,234.33982769789662,0.0012259483337402344,1.9543915417555793,3,119.90423755487359,0.003969907760620117,Optimal
12,8,clustered,96.64457982107108,LP_basic,2025-12-01T23:38:31.176734,120.19869564487173,0.0005099773406982422,1.2437189531726356,109.08400479396975,0.00018644332885742188,1.1287131155821586,7,109.08400479396975,0.000675201416015625,1.1287131155821586,6,96.64457982107108,0.003409862518310547,Optimal
12,9,clustered,245.01217070306197,LP_basic,2025-12-01T23:38:31.184663,294.2772141260369,0.0006117820739746094,1.2010718213777256,292.3548785187489,0.00018525123596191406,1.1932259433473738,8,292.35487851874876,0.0006575584411621094,1.1932259433473733,2,245.01217070306197,0.004452705383300781,Optimal
15,0,uniform,341.7395078180766,LP_basic,2025-12-01T23:38:31.197235,386.9165678970652,0.0011992454528808594,1.1321973580620897,351.980440676995,0.0001709461212158203,1.0299670732374615,2,351.98044067699504,0.0015075206756591797,1.0299670732374617,5,341.7395078180766,0.00552058219909668,Optimal
15,1,uniform,366.1567981398053,LP_basic,2025-12-01T23:38:31.210354,389.0482792035915,0.0012822151184082031,1.062518246773192,366.15679813980523,0.00016570091247558594,0.9999999999999999,2,366.15679813980523,0.0015306472778320312,0.9999999999999999,4,366.1567981398053,0.005637407302856445,Optimal
15,2,uniform,286.88673435608484,LP_basic,2025-12-01T23:38:31.223528,326.0677785654365,0.0009682178497314453,1.1365732169432416,309.116072086851,0.0002639293670654297,1.07748471807405,4,315.3729660590015,0.0011289119720458984,1.0992943496214762,3,286.88673435608484,0.005095005035400391,Optimal
15,3,uniform,352.768843115137,LP_basic,2025-12-01T23:38:31.234802,393.39255884811837,0.0008244514465332031,1.1151567564024427,365.18730859094796,0.00022172927856445312,1.0352028409486205,4,361.2794996224087,0.00106048583984375,1.0241253066232212,5,352.768843115137,0.004517555236816406,Optimal
15,4,uniform,330.3370121184976,LP_basic,2025-12-01T23:38:31.245346,379.0021025015771,0.0007205009460449219,1.1473195209673401,353.4178328537465,0.00018525123596191406,1.069870525822185,4,353.4178328537465,0.0008785724639892578,1.069870525822185,4,330.3370121184976,0.004667520523071289,Optimal
15,5,uniform,401.8785699334744,LP_basic,2025-12-01T23:38:31.255667,423.91083033998797,0.0009312629699707031,1.0548231780812813,401.9111041872217,5.91278076171875e-05,1.000080955433261,1,401.9111041872217,0.001049041748046875,1.000080955433261,3,401.8785699334744,0.00350189208984375,Optimal
15,6,uniform,346.0301095926905,LP_basic,2025-12-01T23:38:31.264469,370.53717497344445,0.0006279945373535156,1.0708235055313569,346.03010959269056,0.0002472400665283203,1.0000000000000002,6,346.03010959269056,0.0007431507110595703,1.0000000000000002,3,346.0301095926905,0.0041773319244384766,Optimal
15,7,uniform,319.00187130352117,LP_basic,2025-12-01T23:38:31.274261,367.1095617956757,0.0007479190826416016,1.1508069225286188,325.3277850361951,6.103515625e-05,1.0198303342448265,1,325.3277850361951,0.0009081363677978516,1.0198303342448265,4,319.00187130352117,0.004373073577880859,Optimal
15,8,uniform,321.90821442743095,LP_basic,2025-12-01T23:38:31.283767,345.3183079578359,0.0008628368377685547,1.072722883359916,330.6934146540283,0.0003020763397216797,1.0272910097750172,4,330.69341465402835,0.0009834766387939453,1.0272910097750174,3,321.90821442743095,0.004252910614013672,Optimal
15,9,uniform,297.5217185422852,LP_basic,2025-12-01T23:38:31.293823,334.33059732338296,0.0007722377777099609,1.1237182917651987,313.3072449030696,0.00022554397583007812,1.0530567194829539,5,313.3072449030696,0.0008947849273681641,1.0530567194829539,3,297.5217185422852,0.0043773651123046875,Optimal
15,0,clustered,81.88916099417128,LP_basic,2025-12-01T23:38:31.303441,275.4954718525921,0.00045013427734375,3.3642483145260385,275.4954718525921,0.00015974044799804688,3.3642483145260385,6,275.4954718525921,0.00047659873962402344,3.3642483145260385,1,81.88916099417128,0.0033915042877197266,Optimal
15,1,clustered,111.94665218233663,LP_basic,2025-12-01T23:38:31.312126,272.6268663986311,0.0005829334259033203,2.435328445147082,268.0689692548055,0.0003039836883544922,2.3946135416196253,7,268.0689692548056,0.0007069110870361328,2.3946135416196266,3,111.94665218233663,0.004266977310180664,Optimal
15,2,clustered,114.79961361828532,LP_basic,2025-12-01T23:38:31.322584,238.58152492794184,0.0008311271667480469,2.0782432745918276,236.20553046566965,0.0003039836883544922,2.057546389058985,5,236.20553046566965,0.0009970664978027344,2.057546389058985,3,114.79961361828532,0.0051727294921875,Optimal
15,3,clustered,133.52024776370894,LP_basic,2025-12-01T23:38:31.335618,220.158333444472,0.0012018680572509766,1.6488760104316662,220.15833344447194,0.00020694732666015625,1.6488760104316658,3,220.158333444472,0.0012636184692382812,1.6488760104316662,1,133.52024776370894,0.005225658416748047,Optimal
15,4,clustered,107.01011587116038,LP_basic,2025-12-01T23:38:31.347773,275.3672765492327,0.0007140636444091797,2.573282668722399,258.70357107646265,0.00024271011352539062,2.4175618255375073,3,258.7035710764626,0.0008945465087890625,2.4175618255375064,3,107.01011587116038,0.005281925201416016,Optimal
15,5,clustered,78.15618804316104,LP_basic,2025-12-01T23:38:31.359540,97.24301225640299,0.0012466907501220703,1.2442138580594724,87.06665957884749,0.00023102760314941406,1.1140085226619,4,86.65212921633574,0.0014615058898925781,1.1087046513640468,4,78.15618804316104,0.004956960678100586,Optimal
15,6,clustered,126.27611207596374,LP_basic,2025-12-01T23:38:31.372956,246.014608466479,0.0009763240814208984,1.9482276134577563,240.57059297398845,0.00033593177795410156,1.9051156154480646,6,240.57059297398843,0.0012447834014892578,1.9051156154480644,5,126.27611207596374,0.0062067508697509766,Optimal
15,7,clustered,105.79730005580139,LP_basic,2025-12-01T23:38:31.387603,150.5879287994343,0.0007622241973876953,1.4233626824125822,140.8784075607423,0.00029158592224121094,1.331587927919123,6,148.16906667961547,0.0008516311645507812,1.4004995080353246,2,105.79730005580139,0.007253408432006836,Optimal
15,8,clustered,120.72458362354615,LP_basic,2025-12-01T23:38:31.404859,298.3043965801278,0.0030007362365722656,2.470949889629161,284.1067543599387,0.0008220672607421875,2.3533463179783247,5,282.8954956190716,0.0034677982330322266,2.343313077817032,3,120.72458362354615,0.007251262664794922,Optimal
15,9,clustered,71.79563222508143,LP_basic,2025-12-01T23:38:31.424030,238.29753872616408,0.001104593276977539,3.3191091343703785,228.845377184631,0.00031638145446777344,3.187455421622223,4,228.84537718463093,0.0012772083282470703,3.187455421622222,3,71.79563222508143,0.006959676742553711,Optimal
20,0,uniform,,none,2025-12-01T23:38:31.433154,404.66134324139733,0.00196075439453125,,371.65208949091976,0.001461029052734375,,7,371.65208949091976,0.002632617950439453,,4,,,
20,1,uniform,,none,2025-12-01T23:38:31.437560,406.5296853892139,0.0015482902526855469,,383.58537727033706,0.0007307529449462891,,5,387.0045038605325,0.002082347869873047,,4,,,
20,2,uniform,,none,2025-12-01T23:38:31.440603,484.16214247550636,0.0015854835510253906,,431.52754291110784,0.0005977153778076172,,6,431.5275429111077,0.0019443035125732422,,4,,,
20,3,uniform,,none,2025-12-01T23:38:31.443305,444.5133539528995,0.0010402202606201172,,399.1956343949001,0.00040650367736816406,,5,399.1956343949002,0.0014111995697021484,,5,,,
20,4,uniform,,none,2025-12-01T23:38:31.445246,399.49287059809984,0.0008347034454345703,,372.9936799029351,0.0002315044403076172,,3,398.33992186850844,0.0009829998016357422,,2,,,
20,5,uniform,,none,2025-12-01T23:38:31.446556,462.6632190841292,0.0009675025939941406,,439.4836371462661,0.0005397796630859375,,7,450.4977674451148,0.0011844635009765625,,3,,,
20,6,uniform,,none,2025-12-01T23:38:31.448392,421.3985764297532,0.0016584396362304688,,407.98450789609177,0.00036644935607910156,,5,387.4020656771812,0.0020868778228759766,,6,,,
20,7,uniform,,none,2025-12-01T23:38:31.450962,456.1260259918825,0.0012316703796386719,,403.78512266547654,0.0006949901580810547,,10,403.7851226654766,0.0015025138854980469,,4,,,
20,8,uniform,,none,2025-12-01T23:38:31.453271,393.8571553286354,0.0010895729064941406,,373.773874036978,0.0003006458282470703,,4,369.3667179309357,0.0015411376953125,,6,,,
20,9,uniform,,none,2025-12-01T23:38:31.455220,386.46241949710924,0.0009326934814453125,,367.150187537014,0.00037860870361328125,,5,373.9645177116278,0.0012934207916259766,,5,,,
20,0,clustered,,none,2025-12-01T23:38:31.457047,258.01786975105216,0.0012717247009277344,,249.49015004500524,0.0005621910095214844,,7,254.8328179442062,0.0014281272888183594,,2,,,
20,1,clustered,,none,2025-12-01T23:38:31.459180,345.8229611503359,0.001299142837524414,,336.2871508269326,0.00047135353088378906,,5,338.8258320276112,0.0015645027160644531,,3,,,
20,2,clustered,,none,2025-12-01T23:38:31.461380,183.50862022491813,0.0010273456573486328,,182.10314860852336,0.0004062652587890625,,6,182.10314860852344,0.0011525154113769531,,2,,,
20,3,clustered,,none,2025-12-01T23:38:31.463088,208.999193992667,0.0011603832244873047,,195.12040127569307,0.0003833770751953125,,6,199.7605672897656,0.0014119148254394531,,4,,,
20,4,clustered,,none,2025-12-01T23:38:31.465024,294.108826252771,0.0007483959197998047,,294.108826252771,0.00025272369384765625,,3,294.108826252771,0.0008263587951660156,,1,,,
20,5,clustered,,none,2025-12-01T23:38:31.466238,265.543448890694,0.0010426044464111328,,244.1849168337006,0.0002646446228027344,,4,243.43539822571785,0.0013453960418701172,,5,,,
20,6,clustered,,none,2025-12-01T23:38:31.467994,196.17503064825948,0.0011684894561767578,,167.98836117519772,0.0006964206695556641,,9,167.98836117519772,0.0016214847564697266,,6,,,
20,7,clustered,,none,2025-12-01T23:38:31.470459,270.06032672799614,0.0007398128509521484,,256.3544695083063,0.0003285408020019531,,4,256.35446950830635,0.001117706298828125,,5,,,
20,8,clustered,,none,2025-12-01T23:38:31.472056,273.61423999350603,0.0007278919219970703,,270.73975825793366,0.00018453598022460938,,2,262.5951126930408,0.0010306835174560547,,4,,,
20,9,clustered,,none,2025-12-01T23:38:31.473407,245.16567477416905,0.001377105712890625,,234.8533552786252,0.00048232078552246094,,6,236.61513914918467,0.0018308162689208984,,6,,,
30,0,uniform,,none,2025-12-01T23:38:31.475876,535.7069793646076,0.002568960189819336,,479.57095048273294,0.0015044212341308594,,8,488.8661118544605,0.003994464874267578,,8,,,
30,1,uniform,,none,2025-12-01T23:38:31.481562,478.1920197268688,0.0025272369384765625,,462.0426999572295,0.0012984275817871094,,7,449.5775566703885,0.004119157791137695,,9,,,
30,2,uniform,,none,2025-12-01T23:38:31.487173,567.8705177479136,0.0029082298278808594,,503.8138749378609,0.0011131763458251953,,6,523.5681270154627,0.003977298736572266,,6,,,
30,3,uniform,,none,2025-12-01T23:38:31.492444,539.2060823311887,0.003942251205444336,,490.1976001958236,0.0013840198516845703,,7,479.34651844330176,0.005238056182861328,,7,,,
30,4,uniform,,none,2025-12-01T23:38:31.499262,484.4293167306366,0.001733541488647461,,446.2301691457631,0.0022220611572265625,,12,433.5057399787421,0.0031609535217285156,,8,,,
30,5,uniform,,none,2025-12-01T23:38:31.504827,547.2069720914702,0.0021486282348632812,,493.92498093701255,0.0016655921936035156,,9,513.8765007122122,0.0034117698669433594,,7,,,
30,6,uniform,,none,2025-12-01T23:38:31.510076,488.5158616442182,0.0016512870788574219,,453.5175770706749,0.0011835098266601562,,6,453.5175770706749,0.002939939498901367,,7,,,
30,7,uniform,,none,2025-12-01T23:38:31.514379,534.839989182023,0.002518892288208008,,462.2652306881397,0.0009987354278564453,,5,465.41810974293264,0.0038366317749023438,,7,,,
30,8,uniform,,none,2025-12-01T23:38:31.519415,536.0264313261629,0.0030243396759033203,,546.9836984816583,0.0019254684448242188,,10,507.8062702679246,0.004096031188964844,,6,,,
30,9,uniform,,none,2025-12-01T23:38:31.525632,534.1232848472386,0.002628803253173828,,491.2675051580397,0.0019180774688720703,,10,495.15173689180466,0.00393223762512207,,7,,,
30,0,clustered,,none,2025-12-01T23:38:31.531734,308.7982079391522,0.0023047924041748047,,269.20752918936876,0.0010082721710205078,,6,274.4568784299854,0.0032815933227539062,,6,,,
30,1,clustered,,none,2025-12-01T23:38:31.536270,225.79066988590316,0.002666473388671875,,217.05397909292356,0.0009696483612060547,,5,216.07764226492952,0.003772258758544922,,6,,,
30,2,clustered,,none,2025-12-01T23:38:31.541249,268.38034328306344,0.00269317626953125,,253.74818170696471,0.0010075569152832031,,6,254.30057313354922,0.003635406494140625,,6,,,
30,3,clustered,,none,2025-12-01T23:38:31.546108,192.62019432045489,0.0020875930786132812,,185.56112166965116,0.0016646385192871094,,10,188.15846754220036,0.0029096603393554688,,5,,,
30,4,clustered,,none,2025-12-01T23:38:31.550903,340.02961263309015,0.0037910938262939453,,331.0741826283086,0.001753091812133789,,9,333.7097498492367,0.004521369934082031,,4,,,
30,5,clustered,,none,2025-12-01T23:38:31.557418,319.5348864536941,0.0038161277770996094,,315.35080297287146,0.001954793930053711,,6,317.7193942489577,0.004592418670654297,,3,,,
30,6,clustered,,none,2025-12-01T23:38:31.564485,238.23616693146587,0.004075288772583008,,231.81764034161367,0.0023505687713623047,,11,232.6280021395664,0.004825592041015625,,5,,,
30,7,clustered,,none,2025-12-01T23:38:31.572107,301.98122859037557,0.0030400753021240234,,295.5203374077517,0.0008609294891357422,,5,288.42197904691056,0.0038559436798095703,,5,,,
30,8,clustered,,none,2025-12-01T23:38:31.577068,332.5413270027998,0.0016498565673828125,,316.8343448704189,0.0007493495941162109,,5,315.1403351975652,0.002378702163696289,,5,,,
30,9,clustered,,none,2025-12-01T23:38:31.580398,281.5709621901283,0.002820730209350586,,268.74445011567065,0.0015654563903808594,,9,268.74445011567065,0.003965854644775391,,7,,,
50,0,uniform,,none,2025-12-01T23:38:31.586148,657.7823375262263,0.016002893447875977,,604.6781103789697,0.004054069519042969,,7,609.7070161663365,0.022764205932617188,,11,,,
50,1,uniform,,none,2025-12-01T23:38:31.613410,614.5760960639275,0.007307529449462891,,564.8766714096475,0.005250215530395508,,9,554.0127891932492,0.013883352279663086,,13,,,
50,2,uniform,,none,2025-12-01T23:38:31.633035,654.9498920870788,0.005667448043823242,,633.6341744273604,0.005321979522705078,,8,602.4721633129434,0.01084280014038086,,10,,,
50,3,uniform,,none,2025-12-01T23:38:31.649634,699.8634554110266,0.013263940811157227,,648.7962604021903,0.005705595016479492,,8,647.5532511429193,0.01938009262084961,,10,,,
50,4,uniform,,none,2025-12-01T23:38:31.675243,646.7697415013491,0.009239673614501953,,588.476116286872,0.00486445426940918,,9,592.6941734470091,0.01396799087524414,,9,,,
50,5,uniform,,none,2025-12-01T23:38:31.694578,580.669349183822,0.006006956100463867,,566.4297956985675,0.007873773574829102,,15,556.4282096712711,0.010687589645385742,,9,,,
50,6,uniform,,none,2025-12-01T23:38:31.713571,555.9624650479693,0.007033824920654297,,523.6660609826624,0.004401683807373047,,8,513.049218780064,0.013514280319213867,,12,,,
50,7,uniform,,none,2025-12-01T23:38:31.731936,582.0310782831634,0.0061798095703125,,534.30789653241,0.00481104850769043,,9,550.8495993382401,0.011775016784667969,,11,,,
50,8,uniform,,none,2025-12-01T23:38:31.748941,667.626722635112,0.010044336318969727,,610.1461245174333,0.008036136627197266,,16,620.1665432345711,0.01504063606262207,,10,,,
50,9,uniform,,none,2025-12-01T23:38:31.772450,683.1525076877938,0.012645721435546875,,620.0960264259394,0.00863027572631836,,12,643.3866717740971,0.02013373374938965,,10,,,
50,0,clustered,,none,2025-12-01T23:38:31.801958,337.9819675382857,0.015117883682250977,,306.2056393406672,0.014302730560302734,,17,306.79107100810324,0.023348093032836914,,12,,,
50,1,clustered,,none,2025-12-01T23:38:31.840426,249.7405992025567,0.015191793441772461,,235.19724523131842,0.01211857795715332,,18,235.58048603211247,0.021982192993164062,,10,,,
50,2,clustered,,none,2025-12-01T23:38:31.875103,303.0555773032051,0.01756143569946289,,281.63346538082766,0.011908531188964844,,14,283.39983642319584,0.025844097137451172,,10,,,
50,3,clustered,,none,2025-12-01T23:38:31.913483,312.7649273250541,0.015853166580200195,,295.52803934402806,0.01607227325439453,,19,298.5072626497785,0.025136709213256836,,11,,,
50,4,clustered,,none,2025-12-01T23:38:31.955396,386.9690634962488,0.012471914291381836,,374.4161153307335,0.013683080673217773,,13,364.7000624662065,0.021799325942993164,,9,,,
50,5,clustered,,none,2025-12-01T23:38:31.991654,377.60577854424616,0.012090206146240234,,368.19346159385026,0.011089324951171875,,11,352.77034453449994,0.02426290512084961,,12,,,
50,6,clustered,,none,2025-12-01T23:38:32.027842,313.82139233959924,0.022114992141723633,,310.8732611214199,0.01369333267211914,,11,304.8570050795224,0.03027629852294922,,7,,,
50,7,clustered,,none,2025-12-01T23:38:32.072909,385.1682561614968,0.016583681106567383,,380.5080131136911,0.011150598526000977,,11,376.89796736293675,0.02246260643005371,,6,,,
50,8,clustered,,none,2025-12-01T23:38:32.107367,325.4385755450216,0.01786971092224121,,311.75560599307005,0.017956018447875977,,17,304.1273684519803,0.031307220458984375,,13,,,
50,9,clustered,,none,2025-12-01T23:38:32.157461,280.75326690890716,0.011718273162841797,,264.0599289158371,0.015933752059936523,,15,265.99368453144564,0.023431062698364258,,11,,,
75,0,uniform,,none,2025-12-01T23:38:32.197730,727.9390338364959,0.036544084548950195,,679.9862724310697,0.03437995910644531,,13,671.5498041198412,0.08022952079772949,,17,,,
75,1,uniform,,none,2025-12-01T23:38:32.313695,753.5971225036116,0.058063507080078125,,747.7526427392273,0.03786873817443848,,16,697.8941193518746,0.08944320678710938,,14,,,
75,2,uniform,,none,2025-12-01T23:38:32.442297,759.3350399523383,0.02988600730895996,,695.263438176489,0.0330204963684082,,15,693.520836402098,0.056864023208618164,,13,,,
75,3,uniform,,none,2025-12-01T23:38:32.533473,787.7176009936461,0.030408143997192383,,740.8538754779005,0.03915214538574219,,18,730.6866592366541,0.05135798454284668,,10,,,
75,4,uniform,,none,2025-12-01T23:38:32.625136,693.6001491739343,0.022840023040771484,,658.2693175446999,0.02935314178466797,,14,668.0441289875959,0.03701472282409668,,7,,,
75,5,uniform,,none,2025-12-01T23:38:32.692571,824.8383718449185,0.029881954193115234,,756.9373620327791,0.03496360778808594,,18,742.0641959158951,0.06565570831298828,,19,,,
75,6,uniform,,none,2025-12-01T23:38:32.794290,752.1671237811277,0.037042856216430664,,691.4837872696877,0.03137803077697754,,17,699.6632508599363,0.056964874267578125,,11,,,
75,7,uniform,,none,2025-12-01T23:38:32.883700,793.9090468810754,0.028258800506591797,,715.9332640115183,0.025035619735717773,,13,721.5388220558165,0.05137157440185547,,13,,,
75,8,uniform,,none,2025-12-01T23:38:32.961216,746.1233232532242,0.04389643669128418,,673.591659053233,0.0380251407623291,,21,690.1615668961042,0.07098627090454102,,15,,,
75,9,uniform,,none,2025-12-01T23:38:33.071277,773.4486100909331,0.03112936019897461,,733.0062096591379,0.025426149368286133,,14,729.4958249038687,0.058034420013427734,,15,,,
75,0,clustered,,none,2025-12-01T23:38:33.155840,385.7702003090413,0.029604434967041016,,368.3798739446715,0.04152274131774902,,24,366.86624254686717,0.05192923545837402,,13,,,
75,1,clustered,,none,2025-12-01T23:38:33.250308,286.96144389029075,0.04267406463623047,,275.92219836656625,0.02724933624267578,,15,277.35072216693436,0.06406164169311523,,12,,,
75,2,clustered,,none,2025-12-01T23:38:33.342741,466.1113217446961,0.027388572692871094,,432.52918030246843,0.022192955017089844,,13,439.32408258041704,0.05260920524597168,,15,,,
75,3,clustered,,none,2025-12-01T23:38:33.418649,328.2774694850215,0.04095745086669922,,315.9958965904974,0.03005838394165039,,17,303.0289464312463,0.06903219223022461,,16,,,
75,4,clustered,,none,2025-12-01T23:38:33.518992,376.14848747858235,0.027327537536621094,,350.83209845973005,0.03332781791687012,,18,355.0292944977898,0.046576738357543945,,11,,,
75,5,clustered,,none,2025-12-01T23:38:33.600115,347.73806453162535,0.029694080352783203,,335.9232467890682,0.0399928092956543,,22,323.72855988096455,0.05809497833251953,,16,,,
75,6,clustered,,none,2025-12-01T23:38:33.699302,455.6458571230584,0.030178546905517578,,424.82113270397804,0.04550051689147949,,25,424.53133419964126,0.05688071250915527,,15,,,
75,7,clustered,,none,2025-12-01T23:38:33.802786,382.19132983436907,0.0314946174621582,,368.3542326265692,0.030335426330566406,,17,358.1376236187312,0.05806398391723633,,15,,,
75,8,clustered,,none,2025-12-01T23:38:33.892254,309.2973398553966,0.025634288787841797,,303.32945817229773,0.033095598220825195,,19,291.3532938333809,0.05136299133300781,,15,,,
75,9,clustered,,none,2025-12-01T23:38:33.977804,340.1092228406852,0.03826594352722168,,319.8207147960931,0.04912900924682617,,26,322.51207080929663,0.06336092948913574,,14,,,
100,0,uniform,,none,2025-12-01T23:38:34.091568,858.2354123100309,0.05215597152709961,,817.8954273933984,0.06924867630004883,,22,797.4275425500056,0.09673929214477539,,14,,,
100,1,uniform,,none,2025-12-01T23:38:34.259182,849.5903807601754,0.05854082107543945,,784.5123426556052,0.06677103042602539,,19,783.095963013062,0.11026239395141602,,15,,,
100,2,uniform,,none,2025-12-01T23:38:34.437722,849.4897086809528,0.05070042610168457,,787.8760516872535,0.051271677017211914,,16,802.522500623048,0.09969258308410645,,16,,,
100,3,uniform,,none,2025-12-01T23:38:34.590390,867.2502236977449,0.05333971977233887,,798.0909331647133,0.07154512405395508,,24,805.4710442993527,0.09122180938720703,,12,,,
100,4,uniform,,none,2025-12-01T23:38:34.754793,849.0699079731725,0.06171083450317383,,794.2717809159094,0.09228277206420898,,24,777.7326273775697,0.1404871940612793,,18,,,
100,5,uniform,,none,2025-12-01T23:38:34.989548,872.3558305960678,0.09367990493774414,,835.599769679152,0.09800100326538086,,26,817.5633408486425,0.14569735527038574,,15,,,
100,6,uniform,,none,2025-12-01T23:38:35.235090,918.8431106355173,0.06453967094421387,,827.9441706635088,0.10893750190734863,,24,846.3772358033501,0.12267136573791504,,15,,,
100,7,uniform,,none,2025-12-01T23:38:35.468637,882.3177726514289,0.04051613807678223,,816.0519236700521,0.075897216796875,,23,809.1519806563226,0.10259675979614258,,20,,,
100,8,uniform,,none,2025-12-01T23:38:35.648857,822.3345596302937,0.03325629234313965,,760.3624427357411,0.054602622985839844,,18,777.7790322690822,0.07984709739685059,,12,,,
100,9,uniform,,none,2025-12-01T23:38:35.785042,853.8394927403859,0.07316446304321289,,782.0479178393006,0.06869339942932129,,15,771.1040219593921,0.16679072380065918,,23,,,
100,0,clustered,,none,2025-12-01T23:38:36.022651,432.2477886888168,0.05337977409362793,,416.9728195006497,0.07148981094360352,,21,417.35551862082445,0.09579610824584961,,13,,,
100,1,clustered,,none,2025-12-01T23:38:36.191770,526.7854262230464,0.048792362213134766,,499.6741464849354,0.07360219955444336,,24,508.2165897265463,0.09000658988952637,,14,,,
100,2,clustered,,none,2025-12-01T23:38:36.357036,440.22300839514355,0.057517051696777344,,413.93247558193934,0.05492258071899414,,19,415.6931325713843,0.10573816299438477,,17,,,
100,3,clustered,,none,2025-12-01T23:38:36.519198,451.3754911054708,0.04537177085876465,,424.063832811923,0.06828165054321289,,23,423.7278908218397,0.08712077140808105,,13,,,
100,4,clustered,,none,2025-12-01T23:38:36.676114,536.063184805131,0.07339596748352051,,499.6621219990356,0.08853793144226074,,28,507.45558931378184,0.11530089378356934,,14,,,
100,5,clustered,,none,2025-12-01T23:38:36.881533,392.7914861479831,0.05179262161254883,,384.9230597642227,0.05302095413208008,,18,385.2387513489204,0.08176040649414062,,10,,,
100,6,clustered,,none,2025-12-01T23:38:37.017879,378.3187932049436,0.10169577598571777,,345.23293718026173,0.11958122253417969,,18,349.2636621550014,0.21567034721374512,,20,,,
100,7,clustered,,none,2025-12-01T23:38:37.355880,419.1570902982851,0.07679128646850586,,403.6987782174524,0.0909273624420166,,26,398.26791008303377,0.17359352111816406,,23,,,
100,8,clustered,,none,2025-12-01T23:38:37.622375,320.89322832873387,0.06244373321533203,,304.16531679594107,0.08056330680847168,,23,302.1616166058445,0.11564326286315918,,17,,,
100,9,clustered,,none,2025-12-01T23:38:37.820375,445.8147283300234,0.05413985252380371,,417.20254579966297,0.06076455116271973,,20,415.7438459668252,0.11150956153869629,,19,,,
